{"count":1,"gauges":{},"self":67.9855232,"total":68.601799599999993,"children":{"AgentResetIfDone":{"count":3387,"self":0.0139619,"total":0.0139619,"children":null},"AgentSendState":{"count":3387,"self":0.038981999999999996,"total":0.509505,"children":{"CollectObservations":{"count":3387,"self":0.47052299999999997,"total":0.47052299999999997,"children":null}}},"DecideAction":{"count":3387,"self":0.0460145,"total":0.0460145,"children":null},"AcademyStep":{"count":3387,"self":0.0124414,"total":0.0124414,"children":null},"AgentAct":{"count":3387,"self":0.032359599999999995,"total":0.032359599999999995,"children":null}}}