{"count":1,"gauges":{},"self":0.11720269999999999,"total":0.11919629999999999,"children":null}